Dataset,Accuracy,Precision,Recall,F1-Score,ROC-AUC,Samples
Training,0.7809045226130653,0.7859649122807018,0.8235294117647058,0.8043087971274686,0.8592873679405243,995
Test,0.7630522088353414,0.7902097902097902,0.795774647887324,0.7929824561403509,0.8240094774252995,249
