dataset,rmse,mae,r2,mape
train,2.6285476224686035,1.901075851026188,0.9878233397863331,1.2540062433517214
test,5.087438809249881,4.1386991101412,0.8883088699581694,1.8521394444135852
