Feature,Coefficient,Absolute_Importance
SMA5,-53.480769885863346,53.480769885863346
Close,53.04560899033116,53.04560899033116
EMA10,5.596398109344067,5.596398109344067
Momentum,-5.06907645637669,5.06907645637669
SMA10,-4.945036742459395,4.945036742459395
Open,-2.4897205475222646,2.4897205475222646
Adj Close,2.452556050913079,2.452556050913079
Return,-1.469858932360422,1.469858932360422
Volume,-0.15167330731936934,0.15167330731936934
High,0.0,0.0
Low,0.0,0.0
