Dataset,Accuracy,Precision,Recall,F1-Score,ROC-AUC,Samples
Training,0.7809045226130653,0.8041044776119403,0.7922794117647058,0.7981481481481482,0.8608158340941697,995
Test,0.7670682730923695,0.823076923076923,0.7535211267605634,0.7867647058823529,0.8374358299328682,249
