dataset,rmse,mae,r2,mape
train,13.613708973593505,10.72102098002253,0.7485579327829066,7.079149395237895
test,4.831315026013624,3.370969479450158,0.92765615383327,1.5558176271386552
