dataset,rmse,mae,r2,mape
train,3.0781714786788545,2.3402835839678,0.9833013213361689,1.5559808915718056
test,4.832065035139201,3.609958327852558,0.8992405404528891,1.64159551871001
