Dataset,Accuracy,Precision,Recall,F1-Score,ROC-AUC,Samples
Training,0.9296482412060302,0.9421641791044776,0.9283088235294118,0.9351851851851852,0.987548095734968,995
Test,0.6586345381526104,0.7614678899082569,0.5845070422535211,0.6613545816733067,0.7246939581413717,249
